discord_name,user_name,rating
mexanic21,Fabio,"–ê–ª–º–∞–∑ 2"
Null,"Yoo Seung Ho","–ê–ª–º–∞–∑ 2"
f0lloVVmE,Genja007,"–ü–ª–∞—Ç–∏–Ω–∞ 2"
"FerociousBear (–°–∞–Ω—è)",FerociousBear,"–°–µ—Ä–µ–±—Ä–æ 2"
R√≠noa,J√§vla,"–ü–ª–∞—Ç–∏–Ω–∞ 1"
"ùï∞ùñë ùïøùñéùñåùñóùñä",–ú–Ø–£–ú–Ø–£–°,"–ê–ª–º–∞–∑ 4"
" ",IRifeoRI,"–ó–æ–ª–æ—Ç–æ 1"
Skleon,Skleon,"–ê–ª–º–∞–∑ 4"
slooow,"–¥–∂–∞–Ω–≥–ª–µ—Ä –≤–∏–Ω–æ–≤–∞—Ç","–ü–ª–∞—Ç–∏–Ω–∞ 2"
Yumi,–Æ–º–∏,"–°–µ—Ä–µ–±—Ä–æ 2"
Suglinca,asdfgh,"–ü–ª–∞—Ç–∏–Ω–∞ 3"
–ö–æ—Ç-–∫–æ–ª–¥—É–Ω,AsherPaws,"–ó–æ–ª–æ—Ç–æ 2"
"korobka korobka","korobka korobka",–ú–∞—Å—Ç–µ—Ä+
ImNikita,"Budget Bwipo","–ü–ª–∞—Ç–∏–Ω–∞ 4"
Xas,Xas,–ú–∞—Å—Ç–µ—Ä+
s7ptemberDGAF,"kak regnutxasa","–ó–æ–ª–æ—Ç–æ 3"
„Ç∂„É≥„Ç´„Éª„Éã„Ç∏„ÇØ,"aomine pos5","–ü–ª–∞—Ç–∏–Ω–∞ 3"
Irukan,Irukandji1337,"–ê–ª–º–∞–∑ 3"
üíîÂè™ÊòØJok,GrandGad,"–ü–ª–∞—Ç–∏–Ω–∞ 4"
"Aurora Watch","INNI Aurora","–ê–ª–º–∞–∑ 4"
"GReaper üåè",lGReaperl,"–ê–ª–º–∞–∑ 4"
–†–æ–º—á–∏–∫,–†–æ–º—á–∏–∫,–ú–∞—Å—Ç–µ—Ä+
ZalmanZ9Plus,"–î—ë–Ω—è –ñ–∏–≤–æ—Ç–Ω–æ–µ","–ñ–µ–ª–µ–∑–æ 4"
–ø–µ—Å–∫—É–∞,–∞–Ω–¥—Ä–µ–π–Ω–∞—á–∞–ª–ø–µ—Ç—å,"–ê–ª–º–∞–∑ 2"
Klinny,"Klinny its me","–ê–ª–º–∞–∑ 1"
Murr,MurrTho,"–ë—Ä–æ–Ω–∑–∞ 2"
"–ö–æ–Ω—Å–∫–∞—è –ø–∞–ª–∫–∞ –°–æ–Ω—ã",SeveR31,"–ü–ª–∞—Ç–∏–Ω–∞ 1"
" ","Spokoinoy Nochi","–ê–ª–º–∞–∑ 1"
" ",Himeera,–ú–∞—Å—Ç–µ—Ä+
IRiseMoon,IRiseMoon,"–ê–ª–º–∞–∑ 4"
"Sgt Koluchka",–ê—Ä–∞–ø–∞–∫–∞—Ç–∏,"–ñ–µ–ª–µ–∑–æ 3"
Elektrixxx,"–õ–Å–•–ê –≠–ú–û–ë–û–ô–ß–ò–ö","–ê–ª–º–∞–∑ 3"
" ",Murrmuar,"–°–µ—Ä–µ–±—Ä–æ 1"
" ",Shangrilla,"–ó–æ–ª–æ—Ç–æ 1"
Senpai,Boidou,"–°–µ—Ä–µ–±—Ä–æ 2"
balberchik,balberchik,"–ë—Ä–æ–Ω–∑–∞ 3"
Adonis,Adonis,–ú–∞—Å—Ç–µ—Ä+
Dlich,y–∞bloko,–ú–∞—Å—Ç–µ—Ä+
Enfunsion,Enfunsion,–ú–∞—Å—Ç–µ—Ä+
" ",MrKais–µr,"–ó–æ–ª–æ—Ç–æ 1"
ShockerFace,Sh–æckerFace,"–ê–ª–º–∞–∑ 4"
"Deus Vult","G2 Hentai Ornn","–ü–ª–∞—Ç–∏–Ω–∞ 2"
Fad3Rn,Fad3Rn,"–ü–ª–∞—Ç–∏–Ω–∞ 4"
Kronkvo,Sarkaras,"–ë—Ä–æ–Ω–∑–∞ 4"
hobik,hobik,–ú–∞—Å—Ç–µ—Ä+
Murrriya,Leorinn,"–ó–æ–ª–æ—Ç–æ 3"
"( Àò‚å£Àò)‚ô°(Àò‚å£Àò )","–µ–Ω–∏ –∫—Ä—É—Ç–∞",–ú–∞—Å—Ç–µ—Ä+
Die,"—Ç–í–æ–Ø –ö–∏–°—É–õ—è 228","–ü–ª–∞—Ç–∏–Ω–∞ 3"
" ","–ß–µ–ª —Å–ø—Ä–∞–≤–∞ –≥e–π ","–ü–ª–∞—Ç–∏–Ω–∞ 4"
"RCT Reaper","RCT Reaper","–°–µ—Ä–µ–±—Ä–æ 1"
"–ï–∂ –°–∞—Ç–∞–Ω–∞","–µ–∂ —Å–∞—Ç–∞–Ωa","–ó–æ–ª–æ—Ç–æ 3"
Kiribatti,heelbeer,"–ü–ª–∞—Ç–∏–Ω–∞ 2"
Pomka,"INNI Choppa","–ü–ª–∞—Ç–∏–Ω–∞ 1"
" ","ULTIMATIVE SVETA","–ê–ª–º–∞–∑ 1"
darinka,KotenocheK,"–ñ–µ–ª–µ–∑–æ 4"
"–†–æ–º–∞ (R I K O)(Sup)","R I K O","–ü–ª–∞—Ç–∏–Ω–∞ 4"
SU1CIDAL,SU1CIDAL,"–°–µ—Ä–µ–±—Ä–æ 4"
"–¢—ë—Ç—è –®–∏–∑–∞",–í–µ–Ω–ª–∞—Ñ–∞–∫—Å–∏–Ω,"–°–µ—Ä–µ–±—Ä–æ 2"
'',ColetteYi,"–ü–ª–∞—Ç–∏–Ω–∞ 1"
netnom,ValmarxTobias,"–ü–ª–∞—Ç–∏–Ω–∞ 2"
" ",Stick2g,"–°–µ—Ä–µ–±—Ä–æ 2"
"RiadX(The End)",NotNewX,"–ü–ª–∞—Ç–∏–Ω–∞ 1"
Percival(–ê–Ω–¥—Ä–µ–π),"Percival play","–ü–ª–∞—Ç–∏–Ω–∞ 4"
"–ù–µ–Ωa–≤–∏–∂—É –ª—é–¥–µ–π",–úur–úur,"–ü–ª–∞—Ç–∏–Ω–∞ 4"
DragonDolbik,"Dragon of Shadow","–ü–ª–∞—Ç–∏–Ω–∞ 2"
ThrallSoD,"INNI Mage","–ü–ª–∞—Ç–∏–Ω–∞ 3"
EOSAriz,KeNaNFoR,"–ü–ª–∞—Ç–∏–Ω–∞ 1"
toshaebosha,qwentxxx,"–ó–æ–ª–æ—Ç–æ 3"
"BanKuYi ded","BanKuYi ded","–ê–ª–º–∞–∑ 2"
Well,Well,"–ü–ª–∞—Ç–∏–Ω–∞ 3"
YonneOneLove,YonneOneLove,"–ü–ª–∞—Ç–∏–Ω–∞ 1"
FarseerKarma,Trinityfley,"–ü–ª–∞—Ç–∏–Ω–∞ 1"
"cadet1 ru","cadet1 ru","–ê–ª–º–∞–∑ 1"
"INNI Blade",IWantMyBlade,–ú–∞—Å—Ç–µ—Ä+
"w8 im fcking bad","w8 im fcking bad","–ü–ª–∞—Ç–∏–Ω–∞ 4"
m_noize,"INNI Lacerta","–ó–æ–ª–æ—Ç–æ 1"
reptiloid,Bemonsak,"–°–µ—Ä–µ–±—Ä–æ 4"
" ",Arhifant,"–ü–ª–∞—Ç–∏–Ω–∞ 2"
Sterben9,sSkEeMm,"–ê–ª–º–∞–∑ 2"
" ","lane diff xd","–ó–æ–ª–æ—Ç–æ 3"
Balvd,"–í–∞—Å–∏–ª—å —Å–æ–ª—è—Ä–∞","–ó–æ–ª–æ—Ç–æ 1"
KaiSas,KaiSas,"–ü–ª–∞—Ç–∏–Ω–∞ 1"
ufys,ufys,"–ü–ª–∞—Ç–∏–Ω–∞ 3"
"–ê—Ö–º–∞–¥ –ì–∞–∑–∏","–ê—Ö–º–∞–¥ –ì–∞–∑–∏ ","–ü–ª–∞—Ç–∏–Ω–∞ 4"
Shtarmagedon,Shtarmagedon,"–°–µ—Ä–µ–±—Ä–æ 1"
Haul,"Hentai Shaco","–ü–ª–∞—Ç–∏–Ω–∞ 1"
–°–µ—Ä–∂,subliritum,"–ë—Ä–æ–Ω–∑–∞ 3"
Don_Koval,DonKoval,"–ü–ª–∞—Ç–∏–Ω–∞ 4"
–õ–∞–π–º–∏–∫,Liminality,–ú–∞—Å—Ç–µ—Ä+
" ","–ü—Ä–∏–Ω—Ü–µ—Å—Å–∞ –§—Ä–∞–Ω—Ü–∞","–ê–ª–º–∞–∑ 4"
" ","ALT F4 PIG","–°–µ—Ä–µ–±—Ä–æ 2"
"–Ø –ö–∞–ª–µ–Ω–¥–∞—Ä—å",—Å—É–ø–µ—Ä—Ç–∞—â–µ—Ä228,"–ü–ª–∞—Ç–∏–Ω–∞ 1"
" ","sasat bush","–°–µ—Ä–µ–±—Ä–æ 4"
–ñ–∏–∂–∞,K1ndred,"–ü–ª–∞—Ç–∏–Ω–∞ 3"
"—á–µ—Ä–Ω—ã–π –ø–æ—è—Å –ø–æ –∫—É–Ω–∏","–º–µ–Ω—è –±—å–µ—Ç –ø–∞–ø–∞","–°–µ—Ä–µ–±—Ä–æ 4"
Jugashka,"Jugashka btw","–ü–ª–∞—Ç–∏–Ω–∞ 4"
" ","MonsTer WaifU","–ü–ª–∞—Ç–∏–Ω–∞ 1"
" ","–µ–Ω–∏ –∫—Ä—É—Ç–∞",–ú–∞—Å—Ç–µ—Ä+
rebenok,YATAGARASUXD,"–ê–ª–º–∞–∑ 3"
" ",6ix9ineKizaru,"–ê–ª–º–∞–∑ 4"
D?,Rafinaks,"–ó–æ–ª–æ—Ç–æ 4"
Doctro,AtsumuMiya,"–ê–ª–º–∞–∑ 3"
Rakka,"jg diff","–ê–ª–º–∞–∑ 3"
TILTDA,"–ò–ª—é—Ö–∞ –ü—Ä–æ—Ç–æ–±–µ–ª—Ç","–ü–ª–∞—Ç–∏–Ω–∞ 1"
"Jar Jar Binks",–ïvilF–æ—Ö,"–ü–ª–∞—Ç–∏–Ω–∞ 3"
D.D.,danru,"–ó–æ–ª–æ—Ç–æ 2"
"–æ–¥–∏–Ω–æ–∫–∞—è –≤–∞–π—Ñ—É...","ZXC X Z–ïD","–ó–æ–ª–æ—Ç–æ 4"
Unlucka,Idkie,"–°–µ—Ä–µ–±—Ä–æ 2"
DeathMamay,DeathMamay,"–ó–æ–ª–æ—Ç–æ 3"
Batrosha,Vatroosha,"–ü–ª–∞—Ç–∏–Ω–∞ 4"
–ü–á–™–†–ûÃÅ–§,PIYROF,"–ó–æ–ª–æ—Ç–æ 3"
" ","Wolf Frakken","–ó–æ–ª–æ—Ç–æ 4"
Ignat,"Choc0 PIe","–ü–ª–∞—Ç–∏–Ω–∞ 4"
Sobaka(musor1dz3),musor1dz3,"–ü–ª–∞—Ç–∏–Ω–∞ 4"
" ",tutupapatutu,"–ü–ª–∞—Ç–∏–Ω–∞ 3"
LAIMPOP,LAIMPOP,"–°–µ—Ä–µ–±—Ä–æ 4"
Dii,Dii,"–ê–ª–º–∞–∑ 1"
"–ö—É—Å–æ—á–µ–∫ –ü–∏—Ü—Ü—ã","Spase For U","–ü–ª–∞—Ç–∏–Ω–∞ 4"
NAriKanO,NAriKanO,"–ü–ª–∞—Ç–∏–Ω–∞ 4"
Effex0,Effex0,"–°–µ—Ä–µ–±—Ä–æ 4"
Yogan,OWRLx12,"–°–µ—Ä–µ–±—Ä–æ 2"
autistiolip,–ú–∞–º–µ–ü—Ä–∏–≤–µ—Ç–£–µ60–∫,"–°–µ—Ä–µ–±—Ä–æ 3"
B≈Å√åTIIIZ√∏,n9wlord,–ú–∞—Å—Ç–µ—Ä+
Deimos,"TSR Deimos","–ó–æ–ª–æ—Ç–æ 2"
FlameNitor,FlameNitor,"–°–µ—Ä–µ–±—Ä–æ 4"
Axeya,"GEO Im Leo","–ê–ª–º–∞–∑ 4"
MavicKe1,MavicKe1,"–ó–æ–ª–æ—Ç–æ 2"
Rebgenloth,XZePokin,–ú–∞—Å—Ç–µ—Ä+
Jalader,Jalader,"–ë—Ä–æ–Ω–∑–∞ 4"
Medved0510,Medved0510,"–ü–ª–∞—Ç–∏–Ω–∞ 3"
NeoFox,NeoFox,–ú–∞—Å—Ç–µ—Ä+
Zeru,Zeru,"–ü–ª–∞—Ç–∏–Ω–∞ 4"
Yann,Kisaragii,"–ê–ª–º–∞–∑ 4"
Pisces,Mehira,"–ü–ª–∞—Ç–∏–Ω–∞ 3"
Toki,pizsda,"–°–µ—Ä–µ–±—Ä–æ 3"
TWINkie43,"RETURN –¢–û MONKE","–ê–ª–º–∞–∑ 1"
MIDIDIDIDIDTKA,MIDIDIDIDIDIDKA,"–ü–ª–∞—Ç–∏–Ω–∞ 4"
Dealife,Dealife,"–ó–æ–ª–æ—Ç–æ 2"
XNar0X,YoriichiHashira,"–ó–æ–ª–æ—Ç–æ 3"
" ",k3trin,"–ü–ª–∞—Ç–∏–Ω–∞ 3"
" ","–¢–≤–æ—è –ü–æ—à–ª–∞—Å—Ç—å","–ë—Ä–æ–Ω–∑–∞ 1"
badanuk,Bakron,"–°–µ—Ä–µ–±—Ä–æ 2"
MOODSsasori,nvermore,"–ó–æ–ª–æ—Ç–æ 4"
FoggyFroggy,DollyNyan,"–ë—Ä–æ–Ω–∑–∞ 2"
" ",polhengt,"–ó–æ–ª–æ—Ç–æ 4"
"Parl1k( –î–∏–º–∞—Å)",MeaT1989,"–ë—Ä–æ–Ω–∑–∞ 4"
"–î–ò–¢–Ø –í–ï–¢–†–û–í","–î–ò–¢–Ø –í–ï–¢–†–û–í","–ó–æ–ª–æ—Ç–æ 1"
ledocainedd,ledocainedd,"–ó–æ–ª–æ—Ç–æ 3"
Skeler,"Eto malooyybtw","–ü–ª–∞—Ç–∏–Ω–∞ 4"
drebzilla,"–∏–≥–Ω–∞—Ç —Å–µ–º—ë–Ω–æ–≤","–ê–ª–º–∞–∑ 1"
Venom,IWeAreVenomI,"–ü–ª–∞—Ç–∏–Ω–∞ 4"
" ",Polhen,"–ó–æ–ª–æ—Ç–æ 3"
" ","morceau ","–ó–æ–ª–æ—Ç–æ 4"
"Just Madness Geza",Geza,"–ü–ª–∞—Ç–∏–Ω–∞ 2"
mexanic21,–ê–ª–∞—Ä–∏–∫,"–ó–æ–ª–æ—Ç–æ 2"
"DED Insane","DED Insane","–ü–ª–∞—Ç–∏–Ω–∞ 1"
"depressed kid L9","depressed king","–ê–ª–º–∞–∑ 1"
Milkka,Milka02,"–ó–æ–ª–æ—Ç–æ 1"
" ",–ø–∞–≤—Ç—å–¥–æ–ª–∞–≤—Ç—å,"–ó–æ–ª–æ—Ç–æ 4"
VeoRomi,VeoRomi,"–ü–ª–∞—Ç–∏–Ω–∞ 4"
Dnz,Nae6kaDl9Uebka,"–°–µ—Ä–µ–±—Ä–æ 1"
"–¢–æ—á–Ω–æ –Ω–µ –®—Ä–µ–∫","–¢–æ—á–Ω–æ –Ω–µ –®—Ä–µ–∫","–ü–ª–∞—Ç–∏–Ω–∞ 1"
ùì®ùìæùì∑ùì™,3efir,"–ê–ª–º–∞–∑ 4"
"–ë–∏–±–∞ –ø–ª—ã–ª –ø–æ –º–æ—Ä—é...",Retrypal,"–ü–ª–∞—Ç–∏–Ω–∞ 1"
–õ–∏—á–°–ª–∞–¥–∫–æ–µ–∂–∫–∞,–ü–∞–¥—à–∏–π–õ–∏—á,"–ó–æ–ª–æ—Ç–æ 4"
"Ï†ÑÏ≤¥ Ï†úÎ°ú","Fu11 Z–µr0","–ó–æ–ª–æ—Ç–æ 4"
" ",snowman99,"–ñ–µ–ª–µ–∑–æ 1"
ùíØùëúùìçùíæùí∏ùíüùëÖùíúùí±ùê∏ùí©,"ToxicDRAVEN ","–ü–ª–∞—Ç–∏–Ω–∞ 3"
" ",NickyyTSK,"–ë—Ä–æ–Ω–∑–∞ 3"
" ",K–ægMe–æw,"–ó–æ–ª–æ—Ç–æ 3"
lekkek,lekkek,"–°–µ—Ä–µ–±—Ä–æ 1"
"Tiranda Kin","Tiranda Kin ","–°–µ—Ä–µ–±—Ä–æ 1"
Intel13,Intel13,–ú–∞—Å—Ç–µ—Ä+
"TSR Dumb–µst","TSR Dumb–µst","–°–µ—Ä–µ–±—Ä–æ 2"
"Rin Itoshi","L9 No meaning","–ü–ª–∞—Ç–∏–Ω–∞ 4"
"KryghowniK T√°rr√∏","KryghowniK T√°rr√∏","–ë—Ä–æ–Ω–∑–∞ 1"
Daralont,Daralont,"–ó–æ–ª–æ—Ç–æ 4"
alcreamie,Celandien,"–ü–ª–∞—Ç–∏–Ω–∞ 1"
TiF0Rm,nosleepneediT,"–°–µ—Ä–µ–±—Ä–æ 4"
"Murk Wolf","Murk Wolf","–ü–ª–∞—Ç–∏–Ω–∞ 4"
"–ö–∏–ª–ª–µ—Ä –ö—Ä–∏–Ω–∂","–û–ª–∏–≤–∫–∞ –°–∞–π–∫—Å–∞","–ó–æ–ª–æ—Ç–æ 3"
Tfas,Fushi,"–ê–ª–º–∞–∑ 1"
SKiner,SKiner1525,"–°–µ—Ä–µ–±—Ä–æ 3"
Galabibop,"CPS Galabalab","–ü–ª–∞—Ç–∏–Ω–∞ 4"
"LOUD LORD",perevertina,"–ü–ª–∞—Ç–∏–Ω–∞ 2"
"babulehs fart","babulehs fart","–ê–ª–º–∞–∑ 1"
" ","Crimson Ripper","–ü–ª–∞—Ç–∏–Ω–∞ 1"
" ","–õ—é–±–∏—Ç–µ–ª—å —Ç—É—Ä–µ–ª–∏–∫","–ê–ª–º–∞–∑ 2"
nevmute,"poso see","–°–µ—Ä–µ–±—Ä–æ 1"
"sheesh adc","Demetra Berkut","–ü–ª–∞—Ç–∏–Ω–∞ 4"
"–ù–ï –ù–ò–ö–û / –î–∞–Ω–∏–∏–ª","–ù–ï –ù–ò–ö–û","–ó–æ–ª–æ—Ç–æ 2"
Aleks–∞–Ω—ã—á,myLEDYDEATH–æ–≤—Ü–∞,"–ü–ª–∞—Ç–∏–Ω–∞ 4"
proxy,qum3rry,"–ë—Ä–æ–Ω–∑–∞ 1"
ùï∏ùì≤ùíåùíå·∫µùíé,0mikkam0,"–ñ–µ–ª–µ–∑–æ 2"
TeleK,TeleK228,"–ê–ª–º–∞–∑ 4"
"Emperor Firuz","Emperor Firuz","–ó–æ–ª–æ—Ç–æ 4"
Gafinhord,Gafinhord,"–ó–æ–ª–æ—Ç–æ 1"
"–≥—É–±–∫–∞ –±–æ–±",NewRabbit,"–ü–ª–∞—Ç–∏–Ω–∞ 4"
" ",Dreikerien,"–ë—Ä–æ–Ω–∑–∞ 3"
"ùôΩùöéùöòùöó ùöÇùöûùöóùöïùöíùöêùöëùöù",Kitsunamii,"–ó–æ–ª–æ—Ç–æ 1"
" ",L1rozet,"–°–µ—Ä–µ–±—Ä–æ 1"
TechnoMouse,TechnoMouse,"–ê–ª–º–∞–∑ 3"
Maestro,Mae51r0,"–°–µ—Ä–µ–±—Ä–æ 1"
"–ú–∏–ª–∞—è –ö–∏—Ü—É","–ú–∏–ª—ã–π –∫–∏—Ü—É","–ü–ª–∞—Ç–∏–Ω–∞ 3"
DDGOD,DDGOD09,"–ó–æ–ª–æ—Ç–æ 4"
" ","Unbroken Kaito",–ú–∞—Å—Ç–µ—Ä+
T_karter,"ADAM HA4EY","–°–µ—Ä–µ–±—Ä–æ 4"
samyraii,–ü–∞–ø–∞–°–∫—Ä–µ–ø—ã—à,–ú–∞—Å—Ç–µ—Ä+
" ",DixenFive,"–ó–æ–ª–æ—Ç–æ 4"
rdw1,rdw1,"–°–µ—Ä–µ–±—Ä–æ 3"
TecPan,TecPan,"–ó–æ–ª–æ—Ç–æ 3"
–ë–æ–≥–∞—Ç–∞—è–õ–µS–±–∏—è–Ω–∫–∞,–ë–æ–≥–∞—Ç–∞—è–õ–µS–±–∏—è–Ω–∫–∞,"–ü–ª–∞—Ç–∏–Ω–∞ 4"
" ","vaness ","–ó–æ–ª–æ—Ç–æ 4"
" ",—Ä—É–ª—è,"–ó–æ–ª–æ—Ç–æ 2"
Sir,–•–∏–Ω–∫–∞–ª—å,"–ó–æ–ª–æ—Ç–æ 4"
Bandiiit,Bandiiit,"–ü–ª–∞—Ç–∏–Ω–∞ 4"
ÍßÅ‚ùÄMENTOL‚ùÄÍßÇ,MENT√òL,–ú–∞—Å—Ç–µ—Ä+
"TBlard „ÉÑ    ‚ïëPoppyMain}--",MyPoppy,"–ó–æ–ª–æ—Ç–æ 4"
Yadda,Yadd–∞,"–ü–ª–∞—Ç–∏–Ω–∞ 4"
"–®–ª–∞–Ω–≥ –¶—É–Ω–≥",Ugandan,"–ñ–µ–ª–µ–∑–æ 1"
TerRUbt,TerRUbt,"–ë—Ä–æ–Ω–∑–∞ 1"
" ",moonrxze,"–ó–æ–ª–æ—Ç–æ 2"
" ",Warleggen,"–ê–ª–º–∞–∑ 2"
" ",Kokushibo,"–°–µ—Ä–µ–±—Ä–æ 3"
Dingo1519,Dingo1519,"–ü–ª–∞—Ç–∏–Ω–∞ 4"
"wanna de chalandger",Mundotherapy,"–ó–æ–ª–æ—Ç–æ 1"
R4D1O,R4D1ON,"–ü–ª–∞—Ç–∏–Ω–∞ 4"
"w8 ur fcking bad",CoinflipKatahri,"–ê–ª–º–∞–∑ 3"
" ",eatmean,"–ü–ª–∞—Ç–∏–Ω–∞ 4"
mirari,"—Ç—Ä—É—Å–∏–∫–∏ c–∞–º–∏—Ä—ã","–ñ–µ–ª–µ–∑–æ 1"
dop,seevaligfor,"–ó–æ–ª–æ—Ç–æ 3"
–≤–∞–Ω—é—à–∞,akiyama,"–ñ–µ–ª–µ–∑–æ 4"
realneilcicierega,"horny for kayn","–ó–æ–ª–æ—Ç–æ 4"
Zerma,Zerma,"–°–µ—Ä–µ–±—Ä–æ 1"
" ",plaiyngwithdolls,"–°–µ—Ä–µ–±—Ä–æ 2"
Flaivy,Flaivy,–ú–∞—Å—Ç–µ—Ä+
RashnLight,RashnLight,"–ü–ª–∞—Ç–∏–Ω–∞ 4"
Argus878787,Argus878787,"–°–µ—Ä–µ–±—Ä–æ 1"
MURA,BpaTuLLl,"–ó–æ–ª–æ—Ç–æ 2"
KAYOSHI,"KAYORI ONI","–ó–æ–ª–æ—Ç–æ 1"
"–ê—Ä—Ç—ë–º–∫–∞ –Ω–µ –≥–µ–π","–§–∏–Ω–Ω –üa—Ä–Ω–∏—à–∫a","–ü–ª–∞—Ç–∏–Ω–∞ 3"
Fallen649,Fallen649,"–ë—Ä–æ–Ω–∑–∞ 3"
TiranPupka,TiranPupka,"–ó–æ–ª–æ—Ç–æ 4"
XxDinos,XxDinos,"–ü–ª–∞—Ç–∏–Ω–∞ 2"
w0nderfulman,w0nderfulman,"–°–µ—Ä–µ–±—Ä–æ 3"
"abs0lute //",bLo0d,"–ë—Ä–æ–Ω–∑–∞ 4"
Gientos,Fantom078,"–ó–æ–ª–æ—Ç–æ 4"
RobiNN,"–î—É—à–Ω–æ–µ –ß—É–¥–æ–≤–∏—â–µ","–ó–æ–ª–æ—Ç–æ 1"
Bloodluckcion,Bloodluckcion,"–ü–ª–∞—Ç–∏–Ω–∞ 1"
Jostkiy(mx),ForenP,"–ó–æ–ª–æ—Ç–æ 2"
"–ª–∏–º–æ–Ω–Ω—ã–π —à–≤–µ–ø—Å","–ª–∏–º–æ–Ω–Ω—ã–π —à–≤–µ–ø—Å","–°–µ—Ä–µ–±—Ä–æ 1"
—Ç–∏—Ö–æ–Ω—è,—Ç–∏—Ö–æ–Ω—è,"–ü–ª–∞—Ç–∏–Ω–∞ 3"
Yato,"Negative IQ Yato","–ó–æ–ª–æ—Ç–æ 4"
"Demonadc L9",Demonadc,–ú–∞—Å—Ç–µ—Ä+
–≤–ª–∞–¥–∏–º–∏—Ä,0kubel,"–°–µ—Ä–µ–±—Ä–æ 3"
–º–∞–Ω–µ–∫–µ–Ω,–º–∞–Ω–µ–∫–µ–Ω,"–ñ–µ–ª–µ–∑–æ 1"
FLollipop,FLollipop,"–ë—Ä–æ–Ω–∑–∞ 3"
"–ú–∞–∫—Å Jagger","Jagger Swagg–µr","–ü–ª–∞—Ç–∏–Ω–∞ 2"
EliZion,VerbZ,"–ü–ª–∞—Ç–∏–Ω–∞ 3"
Vovich,LuzhaZhizhi,"–ó–æ–ª–æ—Ç–æ 4"
Goat,kempachiikun,"–ü–ª–∞—Ç–∏–Ω–∞ 4"
Pillom,PorosenokPeitr,"–°–µ—Ä–µ–±—Ä–æ 4"
"–¢–≤–æ–π –ü–∞–ø–∞—à–∞","–¢–≤–æ–π –ü–∞–ø–∞—à–∞","–ó–æ–ª–æ—Ç–æ 2"
TheKillStealer,"–ù–µ–•–≤–∞—Ç–∫–∞ –ù–µ–∂–∏—Ç–∏","–ó–æ–ª–æ—Ç–æ 4"
Nantomo,1Nantomo1,"–°–µ—Ä–µ–±—Ä–æ 2"
"Hide in trench","Hide in trench","–ê–ª–º–∞–∑ 1"
" ",COBR–ê,"–ü–ª–∞—Ç–∏–Ω–∞ 2"
"–î–∂—É–Ω –º–ª–∞–¥—à–∏–π",QuNL,"–ó–æ–ª–æ—Ç–æ 4"
magic_angell,bombomtic,"–°–µ—Ä–µ–±—Ä–æ 1"
Kharn,DeusShenganian,"–ó–æ–ª–æ—Ç–æ 3"
" ",Enfunsion1,"–ê–ª–º–∞–∑ 1"
"10 –∞—Ä–µ–Ω–∞ –∫–ª–µ—à —Ä–æ—è–ª—å","artfil wow","–°–µ—Ä–µ–±—Ä–æ 4"
mk_sig,BellumDaemonium,"–ü–ª–∞—Ç–∏–Ω–∞ 3"
" ","–¢–æ—Å–∫a ",–ú–∞—Å—Ç–µ—Ä+
"AdmiralIrya ÈÆ´",Adnirallrya,"–ó–æ–ª–æ—Ç–æ 2"
MotherLolia,MotherLolia,"–°–µ—Ä–µ–±—Ä–æ 4"
" ",COFAVO,"–ë—Ä–æ–Ω–∑–∞ 4"
" ","BLIN OLEG","–ó–æ–ª–æ—Ç–æ 3"
"shimoriz abuser","shimoriz abuser","–ü–ª–∞—Ç–∏–Ω–∞ 3"
"Anna Asakura","Anna Asakura","–°–µ—Ä–µ–±—Ä–æ 1 "
"–•–ò–•–ò–•–ò –•–ê",Blidun,"–ë—Ä–æ–Ω–∑–∞ 4"
sdjk;),Delmarkker,–ú–∞—Å—Ç–µ—Ä+
343424424,"SCP 6101",–ú–∞—Å—Ç–µ—Ä+
TBND,TBND,"–ü–ª–∞—Ç–∏–Ω–∞ 1"
Feabrise,Feabrise,"–ó–æ–ª–æ—Ç–æ 4"
OSKALIT,DIE4YOU,"–°–µ—Ä–µ–±—Ä–æ 3"
–ò—Ä–∏—Å—ã—á,IrisPanda,"–°–µ—Ä–µ–±—Ä–æ 4"
"–õ—é–±–∞–µ–≤ –°–µ—Ä–≥–µ–π","–õ—é–±–∞–µ–≤ –°–µ—Ä–≥–µ–π","–ó–æ–ª–æ—Ç–æ 2"
"–ú–∞—Ç–≤–µ–π –£–ª–∏—Ç—á–µ–≤","–ñ–∞–∫ –§—Ä–µ—Å–∫–æ875","–°–µ—Ä–µ–±—Ä–æ 1"
" ",MirBils,"–ñ–µ–ª–µ–∑–æ 1"
–°—É–∫,–°—É–∫,–ú–∞—Å—Ç–µ—Ä+
" ",–ö–∏—Å—É–ª—è–ö–∏—Å,"–°–µ—Ä–µ–±—Ä–æ 4"
PapaGodGamaer,PapaGodGamaer,"–°–µ—Ä–µ–±—Ä–æ 4"
–¢–æ—Ö–∞,"Coffee Toha","–ó–æ–ª–æ—Ç–æ 4"
Ishim,rittex,–ú–∞—Å—Ç–µ—Ä+
"! BorusoDie",BorusoDie,"–°–µ—Ä–µ–±—Ä–æ 1"
" ","–ü–∞–∂–∏–ª–æ–π –∂–º—ã—Ö—ä","–ó–æ–ª–æ—Ç–æ 4"
" ",Morluck,–ú–∞—Å—Ç–µ—Ä+
elusive,"v1 Elusive","–ü–ª–∞—Ç–∏–Ω–∞ 3"
"Krauser II","Krauser II","–°–µ—Ä–µ–±—Ä–æ 4"
" ","moonrxze ","–ü–ª–∞—Ç–∏–Ω–∞ 4"
"–ù–µ–æ—Ñ–∏—Ç –ø—Ä–∞–π–º","–ù–µ–æ—Ñ–∏—Ç –ø—Ä–∞–π–º","–ó–æ–ª–æ—Ç–æ 4"
" ",Shinproxy,"–ê–ª–º–∞–∑ 4"
"ONLYFANS girl",3efir,–ú–∞—Å—Ç–µ—Ä+
" ",Danichid,"–ü–ª–∞—Ç–∏–Ω–∞ 1"
„Åã„ÅÑ„Åõ„Çì,666NeShaco666,"–ó–æ–ª–æ—Ç–æ 4"
"just a failure","LOSE TO GHOUL XD","–°–µ—Ä–µ–±—Ä–æ 2"
"! Morinski",Morinski,"–ë—Ä–æ–Ω–∑–∞ 1"
"—Ç—ã –≤ –ºy—Ç–µ —á—É–¥–∏—â–µ","—Ç—ã –≤ –ºy—Ç–µ —á—É–¥–∏—â–µ","–°–µ—Ä–µ–±—Ä–æ 4"
"–ö–∞—Ä–∞—Å—å –ì–æ—Ä–±–∞—Ç—ã–π","–∫–∞—Ä–∞—Å—å –≥–æ—Ä–±–∞—Ç—ã–π","–ó–æ–ª–æ—Ç–æ 3"
–ê–º–∞—Ç–µ—Ä–∞—Å—É,"–®–∞–∫–æ –ö–æ—Ä–æ–ª—å","–ü–ª–∞—Ç–∏–Ω–∞ 4"
